Qualtrics_ResponseId,Prolific_ParticipantId,Qualtrics_EndDate_UTC,Prolific_CompletedAt,Gap_seconds,Qualtrics_Duration,Prolific_TimeTaken
R_3fcOFhAidGbmymu,663a7af013938e6bbfb065d5,2026-02-26 06:18:46+00:00,2026-02-26 06:18:48.680000+00:00,2.68,190,199.0
R_6Kw4rdmDzCSfHL8,6991551b7b0c4970e11f07db,2026-02-26 05:41:53+00:00,2026-02-26 05:41:55.749000+00:00,2.749,279,285.0
R_3f7ATbvfM4wPgSR,6993ef10052ab64910f5b6cc,2026-02-25 19:39:22+00:00,2026-02-25 19:39:24.752000+00:00,2.752,139,144.0
R_3cvrXIvXEKifhol,5aa83a71f6dfdd0001eb1690,2026-02-26 16:05:36+00:00,2026-02-26 16:05:38.836000+00:00,2.836,62,67.0
R_70DokA8E5YAb9QJ,69a04825db0ac74c932385a0,2026-02-26 21:31:50+00:00,2026-02-26 21:31:52.876000+00:00,2.876,124,129.0
R_6m4E3Iek4NV17rd,6993ca827feb9f82e8f22cd2,2026-02-26 17:11:05+00:00,2026-02-26 17:11:07.909000+00:00,2.909,102,107.0
R_6VmXf07HVdj5kil,67acff5fc3860389b0c4dc25,2026-02-26 16:07:51+00:00,2026-02-26 16:07:53.928000+00:00,2.928,123,128.0
R_5YggmYovWswYdpo,5de56b9deda9320ecb83f522,2026-02-26 10:34:23+00:00,2026-02-26 10:34:25.980000+00:00,2.98,292,297.0
R_6KeapZquPvok550,6647303942b413fa95b66810,2026-02-27 06:25:22+00:00,2026-02-27 06:25:24.985000+00:00,2.985,192,197.0
R_3lKzaLUa7SGVu5F,55fc2b4377f33b000ecb21ed,2026-02-25 19:31:27+00:00,2026-02-25 19:31:30.081000+00:00,3.081,207,212.0
R_5aeCkcAbrZjZUMF,606e3ddf19540080228e3a0c,2026-02-26 21:29:31+00:00,2026-02-26 21:29:34.134000+00:00,3.134,124,129.0
R_6F89kXigK7YvuvL,60f2a2b4932fed5326988e0f,2026-02-26 07:35:52+00:00,2026-02-26 07:35:55.153000+00:00,3.153,181,186.0
R_1ebtwfhDabQiIEw,60fdf104935a0ef0e93762b0,2026-02-26 17:21:24+00:00,2026-02-26 17:21:27.172000+00:00,3.172,97,104.0
R_7RgeM2p27y423H5,665f930d862dcdc6bfde540e,2026-02-25 20:46:30+00:00,2026-02-25 20:46:33.182000+00:00,3.182,246,252.0
R_3OpYw4MljvDIe2w,63d80b500adef5b476e289a4,2026-02-26 20:28:02+00:00,2026-02-26 20:28:05.194000+00:00,3.194,104,109.0
R_7kjKHAGJlTeeN5j,5f16fa8069dc2901cd1e0b05,2026-02-27 05:12:04+00:00,2026-02-27 05:12:07.252000+00:00,3.252,121,127.0
R_6LtIF6QbxPxxbf6,5e3fa65f3f87b91f0ce261b4,2026-02-26 15:31:04+00:00,2026-02-26 15:31:07.297000+00:00,3.297,90,96.0
R_7m9ZFn2gRDM1gFb,667871d17d7fdf0358f82a28,2026-02-26 20:06:43+00:00,2026-02-26 20:06:46.320000+00:00,3.32,291,301.0
R_5gcjyxqhhnyW0sa,65f1d783d4cbe20c636b813c,2026-02-25 22:10:25+00:00,2026-02-25 22:10:28.330000+00:00,3.33,58,71.0
R_513OSrdrny700BH,60fda8f418c64ff072d22378,2026-02-26 21:43:39+00:00,2026-02-26 21:43:42.338000+00:00,3.338,104,109.0
R_7zD3v95hqSFhUhL,63d82b2de40f94ceb14816cc,2026-02-26 21:25:07+00:00,2026-02-26 21:25:10.352000+00:00,3.352,180,185.0
R_195p0TRQsAAPBdf,67915007d6208ae2bf005724,2026-02-26 12:18:25+00:00,2026-02-26 12:18:28.366000+00:00,3.366,116,121.0
R_346RBv7djey11qG,66b5682e53ca081f5a2d5d23,2026-02-26 12:39:44+00:00,2026-02-26 12:39:47.372000+00:00,3.372,246,251.0
R_5gw0tOeatLqlDCk,65625f5519bb4cecffc7ebdc,2026-02-26 20:58:27+00:00,2026-02-26 20:58:30.401000+00:00,3.401,91,97.0
R_7dm5F3aJmR3PVzX,5ef66e81cf5fa435ea9a4e8d,2026-02-25 21:08:53+00:00,2026-02-25 21:08:56.407000+00:00,3.407,191,196.0
R_5CVVTFBL9OE0h1t,5a440abd1ba496000102a238,2026-02-26 19:35:05+00:00,2026-02-26 19:35:08.413000+00:00,3.4130000000000003,155,161.0
R_51BCAa6A4TZEe6R,63f82a4ff43ec144ca3622a8,2026-02-26 14:17:06+00:00,2026-02-26 14:17:09.415000+00:00,3.415,302,308.0
R_3WNOjg12wVouPdL,6751acc5dc78128951a34f1f,2026-02-26 11:34:47+00:00,2026-02-26 11:34:50.439000+00:00,3.439,164,170.0
R_7LMyWTILAPVFoCm,698bf7df3e0b8e83634158c4,2026-02-27 03:31:55+00:00,2026-02-27 03:31:58.442000+00:00,3.442,130,136.0
R_1Fs61rw1ZgG67tr,60c22f34978b2e9f7b33a186,2026-02-26 22:17:48+00:00,2026-02-26 22:17:51.475000+00:00,3.475,109,114.0
R_5cB1DE8x52QzfNn,633edc50cfae73d4a72ca889,2026-02-26 11:51:46+00:00,2026-02-26 11:51:49.492000+00:00,3.492,139,145.0
R_1eOI4MEzA8rtxTK,5ee00b8630f30b34f2a5dc1c,2026-02-26 08:21:05+00:00,2026-02-26 08:21:08.507000+00:00,3.507,110,116.0
R_3NaXHjSiv43KARH,69a05d1a0619f255f38f3a31,2026-02-27 04:29:08+00:00,2026-02-27 04:29:11.512000+00:00,3.512,135,142.0
R_5FxpHKAcqXGlCbj,63cffe69ec33b3a776d6660e,2026-02-25 19:33:56+00:00,2026-02-25 19:33:59.517000+00:00,3.517,130,135.0
R_6iEhLgyC8gm7y4g,6941e4cb192ac2d3fea893f7,2026-02-26 20:37:41+00:00,2026-02-26 20:37:44.519000+00:00,3.519,133,139.0
R_31Fonw5kaCoOl7X,6648a6c3e5a0dcc0647abd81,2026-02-25 21:32:31+00:00,2026-02-25 21:32:34.542000+00:00,3.542,158,165.0
R_6vRDDMErztCcuPv,5ac5260dfa3b4e0001736dd3,2026-02-27 06:17:26+00:00,2026-02-27 06:17:29.543000+00:00,3.543,190,196.0
R_1jV6LrT7gzPsUaJ,63dd74130daeb04666667bf9,2026-02-26 16:54:50+00:00,2026-02-26 16:54:53.547000+00:00,3.547,238,244.0
R_5GVNtu9OMtiQrlA,60c770aa2d2928bfda4c7cd4,2026-02-25 22:12:14+00:00,2026-02-25 22:12:17.548000+00:00,3.548,97,102.0
R_6w9P6PQJdGfT8Ih,698f8e8ec02d6d5f92286914,2026-02-25 19:23:08+00:00,2026-02-25 19:23:11.585000+00:00,3.585,164,169.0
R_7rGe73hxg1IwfKh,663d8f0edfd87b4c1f590b99,2026-02-25 21:46:56+00:00,2026-02-25 21:46:59.587000+00:00,3.587,118,125.0
R_1eWao7KL0Ps5P1n,5fdcdc50bbdf7f2dbc77c1da,2026-02-26 21:08:52+00:00,2026-02-26 21:08:55.588000+00:00,3.588,133,139.0
R_5Q0JKxD8FdFIQkp,676304145bbe20d1fd5d653c,2026-02-26 16:11:37+00:00,2026-02-26 16:11:40.600000+00:00,3.6,101,107.0
R_3QfoFFuvZf3WXOJ,665a2c1ceb0ce5fb9258aac4,2026-02-26 05:02:01+00:00,2026-02-26 05:02:04.619000+00:00,3.6189999999999998,91,96.0
R_6foZR96Ew2i6EkI,699b8c43a44a3dcd2089d340,2026-02-26 00:14:25+00:00,2026-02-26 00:14:28.633000+00:00,3.633,168,174.0
R_5w44Y8s3a76NY29,617617515ce25cbceccac37c,2026-02-26 09:21:25+00:00,2026-02-26 09:21:28.635000+00:00,3.635,198,204.0
R_1clZ4ZI6wTAPfTX,5ca9e454a3f1720013c76a14,2026-02-27 03:42:36+00:00,2026-02-27 03:42:39.668000+00:00,3.668,156,163.0
R_1HenoXLap7gus69,66dceb449e0e3f3b1f239b3b,2026-02-25 19:01:22+00:00,2026-02-25 19:01:25.668000+00:00,3.668,196,201.0
R_6VBIqIxBshpBxwn,6983549b2eeaffbc45367e23,2026-02-26 22:07:41+00:00,2026-02-26 22:07:44.670000+00:00,3.67,179,187.0
R_79izQolc4ge2DfS,664e1a71d20f44f2ffe39360,2026-02-26 14:50:43+00:00,2026-02-26 14:50:46.672000+00:00,3.672,133,139.0
R_3EX1z4R5zpQ4gwJ,601848135aa9ba08c66cff6a,2026-02-26 06:01:46+00:00,2026-02-26 06:01:49.680000+00:00,3.68,80,85.0
R_7p4IRUUEGkIdtRu,5c7db851461e90001c7a06ce,2026-02-26 04:04:15+00:00,2026-02-26 04:04:18.692000+00:00,3.692,164,170.0
R_7qjSAveV7mKU7EX,6119ccaad19b17d52526b724,2026-02-26 01:52:45+00:00,2026-02-26 01:52:48.696000+00:00,3.696,300,305.0
R_7juAVgDtiTZjzjj,5a285307df86d80001455de5,2026-02-25 23:05:20+00:00,2026-02-25 23:05:23.696000+00:00,3.696,144,151.0
R_5Jftrb2SIoAOmOw,695c2ed5e6e0ff4b230cb926,2026-02-26 02:56:53+00:00,2026-02-26 02:56:56.707000+00:00,3.707,120,126.0
R_7Ig5ycKuKUekWWB,693f0f6b4c24d768f41c9941,2026-02-25 23:12:45+00:00,2026-02-25 23:12:48.718000+00:00,3.718,101,107.0
R_7JN6LotMw4j0m2d,56e6a66af6ed900006a5867c,2026-02-26 18:18:46+00:00,2026-02-26 18:18:49.721000+00:00,3.721,152,159.0
R_62OMtV2u2tBo10P,63ed15bed4665c62d9e6dbb2,2026-02-26 00:51:19+00:00,2026-02-26 00:51:22.721000+00:00,3.721,1296,1302.0
R_6sB8XKkdMxqhUzn,6638e8aa3d1f38846080806a,2026-02-26 18:23:10+00:00,2026-02-26 18:23:13.745000+00:00,3.745,248,253.0
R_1NUjRD2HbfFQkud,5ef4d8b87faaa00c0dea0c4e,2026-02-26 19:48:19+00:00,2026-02-26 19:48:22.786000+00:00,3.786,204,222.0
R_17EDiS1lpvNNxfG,666559e634fffd1ce19ba654,2026-02-26 02:59:53+00:00,2026-02-26 02:59:56.792000+00:00,3.792,139,151.0
R_3Ii9aKXt7t41THC,609f4c9fb80290b21c5e5265,2026-02-26 18:56:57+00:00,2026-02-26 18:57:00.796000+00:00,3.796,134,140.0
R_6cvmflHUB56LwHA,56e967b74c71f00005d78743,2026-02-25 19:58:16+00:00,2026-02-25 19:58:19.799000+00:00,3.799,165,171.0
R_1czlMi87JSxAoGl,698fa15b8a7403d01be92fa6,2026-02-26 22:45:39+00:00,2026-02-26 22:45:42.809000+00:00,3.809,106,112.0
R_32Ay4HxU6V1nVzK,6296290ec41bde1525dbb77e,2026-02-25 20:03:37+00:00,2026-02-25 20:03:40.810000+00:00,3.81,309,314.0
R_50UB6kscpmxYLox,69a0b542190d3d759d168389,2026-02-27 01:04:05+00:00,2026-02-27 01:04:08.818000+00:00,3.818,110,119.0
R_5lyFU5wlEFaMDuN,681b8bd1e677bf4c1757380b,2026-02-26 12:12:28+00:00,2026-02-26 12:12:31.821000+00:00,3.821,179,186.0
R_3HN9xm7nrMC0bze,695beefe839f302b13db1a99,2026-02-26 06:23:14+00:00,2026-02-26 06:23:17.828000+00:00,3.828,246,255.0
R_77jVEbeF6Vt7E3M,5d33c20048bf98001a46b229,2026-02-26 22:15:45+00:00,2026-02-26 22:15:48.834000+00:00,3.834,86,92.0
R_6S7Uk4yhBC1kUZC,665b7b047373d8da553237a6,2026-02-25 20:18:53+00:00,2026-02-25 20:18:56.837000+00:00,3.837,703,709.0
R_6a9LPleoR248W6y,661571d6cc16ee34676734df,2026-02-26 22:09:43+00:00,2026-02-26 22:09:46.856000+00:00,3.856,105,112.0
R_6fZeZ3g7qCZq7WK,6640be7edc706d4622dbab1c,2026-02-26 20:08:53+00:00,2026-02-26 20:08:56.860000+00:00,3.86,110,117.0
R_1meld4sYE6xQacW,66f5d2424e2c1948e2b8f020,2026-02-26 15:05:56+00:00,2026-02-26 15:05:59.865000+00:00,3.865,248,256.0
R_6fJKBwswWootSYp,5c747b0f181ad300113363ed,2026-02-26 14:11:48+00:00,2026-02-26 14:11:51.884000+00:00,3.884,161,169.0
R_5HNgDWGnm9q5ICx,5d30790f326b0f0017a2a828,2026-02-25 22:03:03+00:00,2026-02-25 22:03:06.915000+00:00,3.915,93,98.0
R_6EGeRg2uSDUGjwu,650b03136ab3d4c832d98b71,2026-02-25 21:00:47+00:00,2026-02-25 21:00:50.916000+00:00,3.916,165,183.0
R_57KaOFWA8mbkQPc,66c341b2669f85413ddc629d,2026-02-26 17:15:53+00:00,2026-02-26 17:15:56.918000+00:00,3.918,149,159.0
R_1sP3QVqt3G2yNbj,67364113bdafe2840fa05b69,2026-02-26 03:53:05+00:00,2026-02-26 03:53:08.919000+00:00,3.919,214,221.0
R_714koz0KCcjMDye,65e9b627677d2452e3c72b89,2026-02-26 15:14:30+00:00,2026-02-26 15:14:33.919000+00:00,3.919,151,160.0
R_1roNrttHmo2FsGt,699ce6207a8a1b4250f011d5,2026-02-26 05:10:36+00:00,2026-02-26 05:10:39.922000+00:00,3.922,71,77.0
R_77IEwZfUAzaAEun,6238b95932e705108020765a,2026-02-26 18:48:53+00:00,2026-02-26 18:48:56.923000+00:00,3.923,126,131.0
R_5Gyue9YWAWyZCBW,60fd6618f9a377f54dcdf318,2026-02-26 16:09:36+00:00,2026-02-26 16:09:39.940000+00:00,3.94,81,90.0
R_1kmQgyQ1wh114j9,54837312fdf99b2490ad57b6,2026-02-26 20:01:34+00:00,2026-02-26 20:01:37.940000+00:00,3.94,176,182.0
R_3rolis1r3zXoWZj,671e5804035494e1d10359ca,2026-02-26 14:58:54+00:00,2026-02-26 14:58:57.959000+00:00,3.959,175,181.0
R_7sHz6XXJd1cURgZ,60f657824394dac9902c821f,2026-02-25 19:27:42+00:00,2026-02-25 19:27:45.970000+00:00,3.97,257,263.0
R_773bn06D7aeFJGT,67217c9b294edb50f005d264,2026-02-25 22:33:23+00:00,2026-02-25 22:33:26.976000+00:00,3.976,384,391.0
R_3phBMqqgs2UzVHg,667dc345297b040fa844727a,2026-02-26 18:00:01+00:00,2026-02-26 18:00:04.981000+00:00,3.981,180,203.0
R_71cNSKyZMs8LIov,5a6c9c583fb6420001c308d7,2026-02-25 21:02:38+00:00,2026-02-25 21:02:42.008000+00:00,4.008,92,98.0
R_1HiZuGwCjnKhmoN,610a81561cb8c17ebce209b3,2026-02-26 12:15:14+00:00,2026-02-26 12:15:18.011000+00:00,4.011,141,148.0
R_5paGCuW3prZUp6t,633f4f203450d46b01e3d16b,2026-02-26 13:14:36+00:00,2026-02-26 13:14:40.018000+00:00,4.018,126,132.0
R_1J7RXAy5QZ19Quk,69603ce622d0814296c77758,2026-02-26 06:37:53+00:00,2026-02-26 06:37:57.023000+00:00,4.023,187,195.0
R_3sLYafkUP4C10B3,669e7b8d49d69303f41baed1,2026-02-27 02:00:46+00:00,2026-02-27 02:00:50.026000+00:00,4.026,48,53.0
R_1doB2zAxoXO12RC,6718211bee61c726b40afb2b,2026-02-26 20:17:56+00:00,2026-02-26 20:18:00.033000+00:00,4.033,151,161.0
R_7QledIab8fyXGw4,6980f99cd9750124fc1a8d9b,2026-02-26 03:41:57+00:00,2026-02-26 03:42:01.036000+00:00,4.036,160,166.0
R_3Olxvrd2KoHFWGT,6992dca26a15f70250dfeb14,2026-02-26 03:49:20+00:00,2026-02-26 03:49:24.041000+00:00,4.041,87,94.0
R_7qshsjGVoV4JRcT,662fb42cc3458e96dee33181,2026-02-26 19:23:40+00:00,2026-02-26 19:23:44.059000+00:00,4.059,100,106.0
R_3OTVaFsz5qdOVIp,6557a5752b96c7460bd7ea52,2026-02-25 21:27:17+00:00,2026-02-25 21:27:21.060000+00:00,4.0600000000000005,183,189.0
R_1rkLCid5tHB8CtB,608209b96e955ba5201eff25,2026-02-25 20:51:23+00:00,2026-02-25 20:51:27.065000+00:00,4.0649999999999995,121,128.0
R_7IW9KjQBevTeIyM,67ca05b811f9ce2ffe685f2f,2026-02-26 11:04:10+00:00,2026-02-26 11:04:14.078000+00:00,4.078,128,135.0
R_7w5OONTptK2aEO5,6643cde3471e61890ff943ae,2026-02-26 20:44:47+00:00,2026-02-26 20:44:51.078000+00:00,4.078,88,94.0
R_3YPvV4kJPST8psu,63d7b1a77e23b5460ab88069,2026-02-26 23:51:33+00:00,2026-02-26 23:51:37.079000+00:00,4.079,230,268.0
R_5nf12SnO51wQPDa,56cc78e3ccc0e20006b82a7d,2026-02-26 16:31:26+00:00,2026-02-26 16:31:30.080000+00:00,4.08,93,99.0
R_5HBMV6DrwCz6yzL,5fb41bf3f84c7006ac8e30f2,2026-02-25 20:49:05+00:00,2026-02-25 20:49:09.085000+00:00,4.085,136,143.0
R_7K8DNZSXVT1jtFm,5ae11f9709eae20001132c22,2026-02-26 22:54:03+00:00,2026-02-26 22:54:07.092000+00:00,4.092,157,163.0
R_1dsOektppTOY1Ok,67a7d4e19fee63cbe222ae02,2026-02-26 05:51:39+00:00,2026-02-26 05:51:43.092000+00:00,4.092,246,256.0
R_5DkIgM1WOnw9hsJ,5ec7e8a712268326deae8d87,2026-02-26 22:13:59+00:00,2026-02-26 22:14:03.094000+00:00,4.094,116,124.0
R_7gSCl4YQbJZa5AB,600db78b56935a5dd8c759b3,2026-02-26 17:19:24+00:00,2026-02-26 17:19:28.100000+00:00,4.1,194,201.0
R_7a4sywX0m4utcyJ,66c0d9ef3c9b1d596446f813,2026-02-26 05:00:12+00:00,2026-02-26 05:00:16.104000+00:00,4.104,70,76.0
R_5lKqnNNwXmMwo5O,67e8aa454848956e5e32c19d,2026-02-26 12:49:10+00:00,2026-02-26 12:49:14.107000+00:00,4.107,121,128.0
R_6QgH5ywbw5eqDJ3,6998f3fc35761f2a9c07a6f0,2026-02-26 04:58:35+00:00,2026-02-26 04:58:39.108000+00:00,4.108,222,228.0
R_3Sqv76k7G242LER,6992208bb9f2bd50b06851a2,2026-02-26 05:59:53+00:00,2026-02-26 05:59:57.115000+00:00,4.115,303,311.0
R_6KWAN4o59LMrx05,69862c9b63845b0f047e8779,2026-02-26 07:39:22+00:00,2026-02-26 07:39:26.130000+00:00,4.13,183,189.0
R_5vsZh9b8vhFkFi1,6287f4819c5fc8c4d48cc885,2026-02-26 22:21:29+00:00,2026-02-26 22:21:33.135000+00:00,4.135,202,208.0
R_18CjI1hi0IWXOYw,699603bb8fb7b058d3dfddb1,2026-02-27 03:36:51+00:00,2026-02-27 03:36:55.146000+00:00,4.146,264,271.0
R_1NCXPCVxPfIlMKW,698b3ede29ad2b7fd05fc008,2026-02-26 06:40:42+00:00,2026-02-26 06:40:46.163000+00:00,4.163,144,150.0
R_7sbiFVoXcoZGTUB,63d2797ee24c80630f3b67e1,2026-02-25 20:55:09+00:00,2026-02-25 20:55:13.172000+00:00,4.172,209,215.0
R_6sb16hqhjRajJ4p,66ea6797ef341f18e62ad904,2026-02-26 04:35:21+00:00,2026-02-26 04:35:25.177000+00:00,4.177,165,172.0
R_6IpmPMyg7opdNIp,5d617ba9364f9a0019f1dac3,2026-02-25 18:57:52+00:00,2026-02-25 18:57:56.185000+00:00,4.1850000000000005,109,116.0
R_67ldGKoHT6pRgp2,6600a119385d8631c41cd795,2026-02-25 20:29:37+00:00,2026-02-25 20:29:41.188000+00:00,4.188,284,292.0
R_1ilN3TKzWIzOkpj,6680de3494e4607dcf95530d,2026-02-27 02:55:28+00:00,2026-02-27 02:55:32.193000+00:00,4.193,104,111.0
R_3rGspcNwPRqdVcw,5b11fc40d282ff00015c0100,2026-02-26 14:35:20+00:00,2026-02-26 14:35:24.207000+00:00,4.207,123,129.0
R_5G7YADB23XEZBKg,55bb9ae7fdf99b26d27fda01,2026-02-27 02:53:26+00:00,2026-02-27 02:53:30.223000+00:00,4.223,267,276.0
R_1sPYBdLTEYeEoPT,667ab64e047d4032dcc8be52,2026-02-26 19:25:32+00:00,2026-02-26 19:25:36.231000+00:00,4.231,99,105.0
R_37CmJpPFeB6lJZ4,672ed285dbe86b0a33526edd,2026-02-25 19:44:44+00:00,2026-02-25 19:44:48.232000+00:00,4.232,153,159.0
R_3o6GFvMHYM3lguz,69981a3ce7c28bde24a0e431,2026-02-27 02:03:36+00:00,2026-02-27 02:03:40.238000+00:00,4.2379999999999995,148,154.0
R_3kwSlGHBFSA8P3b,56c984eb10a82f0006ffd111,2026-02-26 22:37:43+00:00,2026-02-26 22:37:47.259000+00:00,4.259,510,517.0
R_6KVWneuL7NxxuwN,6994d020cdafcb3479b234c3,2026-02-26 12:42:30+00:00,2026-02-26 12:42:34.261000+00:00,4.261,142,148.0
R_6J42ESucerbGxKb,6126ecc3ebef11936ed8bfcb,2026-02-25 20:24:45+00:00,2026-02-25 20:24:49.276000+00:00,4.276,133,141.0
R_6UY3XsFm3bIKPW9,6994e4cb0f3e1655a5eb7978,2026-02-26 14:22:27+00:00,2026-02-26 14:22:31.291000+00:00,4.291,98,104.0
R_7dsv96wRM59IK9B,69431c6b6a827029bd4361ac,2026-02-26 21:21:48+00:00,2026-02-26 21:21:52.293000+00:00,4.293,128,135.0
R_7qeCKNez8AZHhAq,5e0696dea7fba607951ae479,2026-02-26 16:23:11+00:00,2026-02-26 16:23:15.296000+00:00,4.296,189,195.0
R_7qmWIyf1BcvUKZA,5d7fd2a5987f70001602d95b,2026-02-27 01:55:39+00:00,2026-02-27 01:55:43.297000+00:00,4.297,210,819.0
R_7qZZ8k06qap6O51,571178ec3d47e80011635b88,2026-02-26 19:53:16+00:00,2026-02-26 19:53:20.300000+00:00,4.3,123,130.0
R_5s67kbyW6T1ne1z,675a2864cf3d9d870639c42b,2026-02-26 16:19:46+00:00,2026-02-26 16:19:50.311000+00:00,4.311,134,158.0
R_5DUv08TH2wMLG6R,66f63aeba07bb69cb2f44c32,2026-02-27 05:23:14+00:00,2026-02-27 05:23:18.312000+00:00,4.312,283,289.0
R_5wAYVMHmXg8JJuO,699773df86dcd0e7f4aa8a0c,2026-02-26 19:50:05+00:00,2026-02-26 19:50:09.313000+00:00,4.313,91,97.0
R_1ePbPdXPgyYcg6Z,66d63bf354de4c20d9369e20,2026-02-26 07:43:11+00:00,2026-02-26 07:43:15.317000+00:00,4.317,200,207.0
R_1lmHAt4wxbb0ZXz,5dc1eb838a84461511b3cd73,2026-02-26 13:48:16+00:00,2026-02-26 13:48:20.317000+00:00,4.317,131,138.0
R_60SKFhxaKLbdyQY,60fd0b053216a04db035ad9b,2026-02-26 23:35:45+00:00,2026-02-26 23:35:49.317000+00:00,4.317,269,276.0
R_6QSDa5lyIw4uQCx,5acb69b70527ba0001c25872,2026-02-25 19:18:15+00:00,2026-02-25 19:18:19.327000+00:00,4.327,140,146.0
R_6DBYlJeRQlbX1K1,5dea10b4446c9012dc5e3fe3,2026-02-26 09:24:14+00:00,2026-02-26 09:24:18.331000+00:00,4.3309999999999995,147,155.0
R_1ih6mXFDpECRVH2,60be09fe05b5adf03149a85f,2026-02-26 22:43:34+00:00,2026-02-26 22:43:38.335000+00:00,4.335,113,120.0
R_1oyxaIuI274XHMZ,628eada3a9c9e0776884f27d,2026-02-26 02:11:30+00:00,2026-02-26 02:11:34.337000+00:00,4.337,164,171.0
R_1fJcAjLlCRlUNE1,698f9675b0a2c0885344c225,2026-02-26 02:08:23+00:00,2026-02-26 02:08:27.339000+00:00,4.339,273,280.0
R_6fw22BCvBNSXsKB,69657f1e4acc9d661a3142f0,2026-02-26 19:32:07+00:00,2026-02-26 19:32:11.339000+00:00,4.339,122,130.0
R_3n9hBV3ybRFLXAu,676f2ff678d74407b518207d,2026-02-26 14:48:12+00:00,2026-02-26 14:48:16.350000+00:00,4.35,179,185.0
R_1GrX9roKnsYvplt,62d43cee3d60ac98c1dcacc8,2026-02-25 19:07:51+00:00,2026-02-25 19:07:55.392000+00:00,4.392,370,377.0
R_51tn4StDhLPQ8Qs,698a7d645d3b41eeda680ee3,2026-02-26 06:31:28+00:00,2026-02-26 06:31:32.402000+00:00,4.402,219,225.0
R_1VvB1GdMSIJy6VP,610042bd58bb4f6845302491,2026-02-26 20:43:04+00:00,2026-02-26 20:43:08.406000+00:00,4.406,304,310.0
R_5Blm0eElAq7A6Hp,6040558e6700552508a8f9b5,2026-02-27 03:29:23+00:00,2026-02-27 03:29:27.425000+00:00,4.425,138,144.0
R_5MArV7qWWsGKA4N,691de59e3f1a40f37d2864af,2026-02-26 15:29:18+00:00,2026-02-26 15:29:22.440000+00:00,4.4399999999999995,583,589.0
R_6RxcuhTjvRk4F6h,5b57e8d8508b8c0001a6a846,2026-02-26 15:33:28+00:00,2026-02-26 15:33:32.451000+00:00,4.451,126,133.0
R_6U9OgFnP2Ydayby,55ecd6ff748092000daa9f5f,2026-02-25 23:07:45+00:00,2026-02-25 23:07:49.452000+00:00,4.452,130,136.0
R_1O0n0xXdxrMmPXa,5f5967d6e280e61b2db8e55c,2026-02-27 02:29:50+00:00,2026-02-27 02:29:54.467000+00:00,4.467,120,126.0
R_3h9dLfKFYSnp87z,609c6cc79875c8f0ba5d2242,2026-02-26 04:23:34+00:00,2026-02-26 04:23:38.473000+00:00,4.473,159,165.0
R_7dtpHBO9htwnoP9,68dd6ada1c06b7f58ff4020c,2026-02-26 22:41:18+00:00,2026-02-26 22:41:22.474000+00:00,4.474,194,201.0
R_14bKk4TiTjEo4gr,69445d7e717d950a32377a0a,2026-02-26 00:28:18+00:00,2026-02-26 00:28:22.485000+00:00,4.485,292,300.0
R_1l3LI6YX3uHCCL0,6736ae15788d71c1c21d0398,2026-02-27 01:41:49+00:00,2026-02-27 01:41:53.487000+00:00,4.487,106,119.0
R_5TZUGAsJYTzKYob,5ed559e5afbd830e2117ed55,2026-02-26 19:09:05+00:00,2026-02-26 19:09:09.494000+00:00,4.494,520,528.0
R_1Hczzatq8urNV40,699ece8a778dfb99b080dfba,2026-02-26 14:05:41+00:00,2026-02-26 14:05:45.494000+00:00,4.494,81,88.0
R_3FKVRh2hFnqQmNC,6516fc85c3f5d2912d6518f6,2026-02-26 02:47:42+00:00,2026-02-26 02:47:46.518000+00:00,4.518,144,151.0
R_5bTrB6WuRCvTgqF,559c3e07fdf99b32b55f2d8d,2026-02-26 04:32:18+00:00,2026-02-26 04:32:22.524000+00:00,4.524,301,307.0
R_17kTnuhssMj6xF3,60e63a06acbec5f0fc85e71a,2026-02-26 19:58:11+00:00,2026-02-26 19:58:15.529000+00:00,4.529,246,253.0
R_6ocrPOUFVZ5xd3X,62b9c2f1e55fe9f17dfedc5d,2026-02-26 03:39:01+00:00,2026-02-26 03:39:05.531000+00:00,4.531,314,321.0
R_1q9IsIZETzSEkAn,670420d4f05d7af4f85651e4,2026-02-25 23:22:09+00:00,2026-02-25 23:22:13.542000+00:00,4.542,244,251.0
R_6G1xgwSka5PnMad,695fcb3d66c5ed7369ae735f,2026-02-26 18:41:57+00:00,2026-02-26 18:42:01.562000+00:00,4.562,136,143.0
R_6DnJtYS89DQgnoO,5e7072e5fb136c63e94f3fa4,2026-02-26 10:20:42+00:00,2026-02-26 10:20:46.563000+00:00,4.563,118,124.0
R_1kcZ6bOrjnLKrBz,660cda55786e37b1cbb49717,2026-02-27 04:07:14+00:00,2026-02-27 04:07:18.571000+00:00,4.571,240,247.0
R_3Glk9HlfOZEwcal,697d94f2f91b0afbfb36e9ea,2026-02-27 03:45:17+00:00,2026-02-27 03:45:21.578000+00:00,4.578,109,138.0
R_7yo4bK6c03TH4Ep,697c9f35326532dcf1bb8be3,2026-02-25 20:57:43+00:00,2026-02-25 20:57:47.581000+00:00,4.581,135,142.0
R_5tz1ihgLdW4DYCJ,6994c263935fc2c50e53fdea,2026-02-26 23:53:59+00:00,2026-02-26 23:54:03.582000+00:00,4.582,123,129.0
R_7jQlc0KB5ijEwkF,62f7cdb38b7eeb26308bae5b,2026-02-26 15:37:31+00:00,2026-02-26 15:37:35.587000+00:00,4.587,232,238.0
R_6uV9DbP7wick8Ec,63ed1b44dc847ac2c0e41f82,2026-02-25 19:20:04+00:00,2026-02-25 19:20:08.614000+00:00,4.614,93,100.0
R_1zMxiohHSPFaVHe,6998abd731d2ec50d067d5bd,2026-02-26 13:22:14+00:00,2026-02-26 13:22:18.620000+00:00,4.62,432,441.0
R_1jGLT7lJgqllvbK,6444b1e677ebe8b4e2c23abd,2026-02-27 06:10:16+00:00,2026-02-27 06:10:20.625000+00:00,4.625,1040,1049.0
R_6dnA7M9mdFV6Qec,671d1dcbc6f5d2e81501e24a,2026-02-26 14:08:39+00:00,2026-02-26 14:08:43.633000+00:00,4.633,151,170.0
R_6qgGR0Ruoh13VRt,66f305037af69346a9a55b42,2026-02-26 23:17:33+00:00,2026-02-26 23:17:37.633000+00:00,4.633,420,427.0
R_1LoAImpW5wwAL2V,69827df69f5cbc7190afab00,2026-02-26 09:48:12+00:00,2026-02-26 09:48:16.648000+00:00,4.648,384,390.0
R_6dtIUi7Vo7GNA8c,6989fe3f0460149bb84bcfcf,2026-02-26 01:59:09+00:00,2026-02-26 01:59:13.655000+00:00,4.655,59,66.0
R_1JNGbik3a7lgn9n,6516d8eb49865c2cea5ff3d8,2026-02-25 21:05:27+00:00,2026-02-25 21:05:31.658000+00:00,4.658,161,169.0
R_3N8lt6WSheOpi4b,66491e9882aaa64c5d0911d5,2026-02-27 04:36:53+00:00,2026-02-27 04:36:57.660000+00:00,4.66,400,406.0
R_5wN3W4irbf2rbUJ,66d9547a9df3044a616f2cfd,2026-02-27 04:02:54+00:00,2026-02-27 04:02:58.674000+00:00,4.674,446,452.0
R_5lc6iPqXcu7ibIq,60b3e6ad448226548d21fc4d,2026-02-25 21:44:43+00:00,2026-02-25 21:44:47.678000+00:00,4.678,383,461.0
R_6EUDfPFwbtfWl8d,5b9eddfed259900001106b05,2026-02-26 02:39:02+00:00,2026-02-26 02:39:06.693000+00:00,4.693,854,860.0
R_7xTRHwgfSy6gA9P,62961bfdbe5f238d3225db72,2026-02-25 20:06:54+00:00,2026-02-25 20:06:58.698000+00:00,4.698,178,185.0
R_5dJQGmTqgqlLiyE,57439a4354636a000d78639a,2026-02-27 03:22:10+00:00,2026-02-27 03:22:14.702000+00:00,4.702,332,340.0
R_1Ck8tvHEK1hKi1b,66a7e128f37f34ca658be38b,2026-02-27 05:44:17+00:00,2026-02-27 05:44:21.712000+00:00,4.712,168,177.0
R_1bX2SkCu8FUaVLX,699e1b1d963fa0b98d690f77,2026-02-26 21:41:34+00:00,2026-02-26 21:41:38.717000+00:00,4.717,177,185.0
R_1dZ0lxW2peqMqKg,699bdd9fded8cc634df67c11,2026-02-26 04:48:54+00:00,2026-02-26 04:48:58.719000+00:00,4.719,163,171.0
R_3GIZFl9jnyuT5hj,699a21ddd9ed4b803325b480,2026-02-25 19:13:25+00:00,2026-02-25 19:13:29.730000+00:00,4.73,98,105.0
R_3R87jVA07tXcsKD,65f9f6a61cb89181037d5524,2026-02-26 14:24:38+00:00,2026-02-26 14:24:42.731000+00:00,4.731,108,115.0
R_37v9ZM2OvKgW8Sq,5fa4f94e535f3b1aa628e0ab,2026-02-26 09:41:29+00:00,2026-02-26 09:41:33.731000+00:00,4.731,420,428.0
R_1VlTk2O1bMkZpj0,6272bd000471b3d9ed5d4da5,2026-02-26 20:26:03+00:00,2026-02-26 20:26:07.745000+00:00,4.745,291,301.0
R_1zVrPmxvSGysHwB,596476347e64c20001df5013,2026-02-26 10:04:33+00:00,2026-02-26 10:04:37.746000+00:00,4.746,295,303.0
R_1rNX2t6BTBW6lzj,69838c967c78c6ef18426fba,2026-02-27 04:54:05+00:00,2026-02-27 04:54:09.747000+00:00,4.747,285,293.0
R_1kFAQeLgy6wbHl9,698ab8e1467373b31220c70e,2026-02-25 19:49:46+00:00,2026-02-25 19:49:50.751000+00:00,4.751,279,286.0
R_7sR9jgIxvOQMfgl,5ae7f99bd5ec5e000175f097,2026-02-26 04:36:47+00:00,2026-02-26 04:36:51.776000+00:00,4.776,69,76.0
R_145PIzXZ5rksuT7,5f517edd007af03cbf15085f,2026-02-26 14:40:37+00:00,2026-02-26 14:40:41.785000+00:00,4.785,295,302.0
R_7ym7HIqKhdl8SJz,66c0f464e0ff62798027b486,2026-02-25 21:17:29+00:00,2026-02-25 21:17:33.788000+00:00,4.788,494,505.0
R_5MKIX0kPbdHUAed,699d45af20adaa6e1e89aa5a,2026-02-27 06:56:17+00:00,2026-02-27 06:56:21.794000+00:00,4.794,135,143.0
R_34yZdjGgS8ZUETf,66a4b7733f41234d518c94af,2026-02-26 04:54:35+00:00,2026-02-26 04:54:39.816000+00:00,4.816,291,298.0
R_1GKy0zpJgf7w8s2,5b133bf71e55760001b9f8de,2026-02-26 19:21:42+00:00,2026-02-26 19:21:46.827000+00:00,4.827,92,99.0
R_5IKtaY9mQnCBwAf,697a4300c057fe63d646eb6a,2026-02-26 22:11:41+00:00,2026-02-26 22:11:45.848000+00:00,4.848,97,104.0
R_394gXxGv3zLVlVq,5df967d2f6191f6e87b236e6,2026-02-26 08:58:31+00:00,2026-02-26 08:58:35.852000+00:00,4.852,167,197.0
R_7gi2Uo5aIwhRIxK,663a5db9ced6c4bf9bd77d3e,2026-02-26 17:09:02+00:00,2026-02-26 17:09:06.859000+00:00,4.859,288,294.0
R_1hGzwTEPojA1e1z,5638d3a544e8c8000ee869a2,2026-02-26 13:37:18+00:00,2026-02-26 13:37:22.859000+00:00,4.859,161,169.0
R_6oBkdTXtqTGFlKa,6287a355e0dbfe43e55850b7,2026-02-27 00:13:25+00:00,2026-02-27 00:13:29.859000+00:00,4.859,149,1154.0
R_7PlntAl1HMzUbE5,651ab8cd3ecbad9f2062ab57,2026-02-26 16:33:31+00:00,2026-02-26 16:33:35.862000+00:00,4.862,111,118.0
R_3R3JyPP49N8BhKO,6765f54eec89c2dc2f1e2493,2026-02-25 22:14:47+00:00,2026-02-25 22:14:51.869000+00:00,4.869,137,145.0
R_3Q6DUPpMhMM76ez,63d42902a85ae3e7b4920266,2026-02-25 23:36:46+00:00,2026-02-25 23:36:50.875000+00:00,4.875,597,604.0
R_3QXhYPnGutv7rT7,697facb19a7b7ac623ab7a2e,2026-02-26 22:51:06+00:00,2026-02-26 22:51:10.877000+00:00,4.877,187,194.0
R_1JD7SeDmYXe7MSf,66c7adc45a77680b4053f8e2,2026-02-26 11:42:52+00:00,2026-02-26 11:42:56.879000+00:00,4.879,241,249.0
R_7rhW3fQFUKifgyK,575aee8152c3fe00091a6252,2026-02-26 04:20:30+00:00,2026-02-26 04:20:34.884000+00:00,4.884,276,282.0
R_3iyY7Z02179ydUA,695fdb8cdf7e2341d1abb7ce,2026-02-26 20:56:38+00:00,2026-02-26 20:56:42.886000+00:00,4.886,343,350.0
R_7YbHHoDM6RnODep,6941984defc3cfda7e9cdf6f,2026-02-26 11:01:35+00:00,2026-02-26 11:01:39.908000+00:00,4.908,852,860.0
R_3nf8Iarqfpu6IU6,5eb278ce4602871c6d7e335d,2026-02-27 04:19:32+00:00,2026-02-27 04:19:36.913000+00:00,4.913,88,94.0
R_6QE7oHohx6EzLk6,63f7b8c25fc05973386fcdff,2026-02-26 23:20:11+00:00,2026-02-26 23:20:15.920000+00:00,4.92,132,140.0
R_1HQUpJGg4G9odEt,66885d217777eda6f3a9b8dd,2026-02-25 22:01:11+00:00,2026-02-25 22:01:15.923000+00:00,4.923,835,842.0
R_7vds4tg7rd4jft7,66cc4ba25cc59f1c17f1a2b4,2026-02-26 06:08:28+00:00,2026-02-26 06:08:32.928000+00:00,4.928,176,182.0
R_5E0Egx4VIINu0Qo,589b97a23968420001373136,2026-02-26 18:50:55+00:00,2026-02-26 18:50:59.942000+00:00,4.942,99,106.0
R_7OAYv61cYFoTaow,5d17ad8f9bd0710001aaa93a,2026-02-26 08:47:36+00:00,2026-02-26 08:47:40.944000+00:00,4.944,237,245.0
R_7okkwjm5suM1aqw,67119a2719a853dc383568eb,2026-02-27 02:43:44+00:00,2026-02-27 02:43:48.949000+00:00,4.949,102,108.0
R_1nSMa7p45FRJRtV,6609c596ac6ba651a47a15de,2026-02-26 02:14:27+00:00,2026-02-26 02:14:31.949000+00:00,4.949,121,160.0
R_38LMpi9IRb5vcPL,5f285dc5b09b3715fa20a14c,2026-02-25 21:29:32+00:00,2026-02-25 21:29:36.970000+00:00,4.97,114,121.0
R_7APA3c8pZYiT7wd,667480a37068f7b381b534b6,2026-02-26 21:02:08+00:00,2026-02-26 21:02:12.978000+00:00,4.978,204,211.0
R_6mfyWLWyJjTASsx,670f9fd0a399d73d5af41902,2026-02-26 12:24:39+00:00,2026-02-26 12:24:43.995000+00:00,4.995,191,199.0
R_6UciaCQ5mvSTqcQ,65ee154afdaf7eac7d0144c0,2026-02-26 21:27:07+00:00,2026-02-26 21:27:12.016000+00:00,5.016,105,112.0
R_3GB6sldk1lNW7Sz,5c8db07eb1f89a0016777fe0,2026-02-26 18:37:28+00:00,2026-02-26 18:37:33.024000+00:00,5.024,171,178.0
R_1kNzuqQLejYTJAE,5d423287112baf0018b0673c,2026-02-27 00:57:09+00:00,2026-02-27 00:57:14.027000+00:00,5.027,72,80.0
R_7CCY8Yt3XjB7SK6,69612fb4eba9d126c211f105,2026-02-26 16:50:30+00:00,2026-02-26 16:50:35.029000+00:00,5.029,125,133.0
R_7g1RkBWYT2K4GfK,678aa64ac933281b1ffdd807,2026-02-26 04:06:23+00:00,2026-02-26 04:06:28.035000+00:00,5.035,101,109.0
R_6V7IX2moWUpkJQJ,6994e1a1bcd5fe2022282a87,2026-02-27 04:23:00+00:00,2026-02-27 04:23:05.037000+00:00,5.037,180,193.0
R_7zhye5elX9YdnUO,677c314658f46f3c0f19ba34,2026-02-26 15:01:20+00:00,2026-02-26 15:01:25.042000+00:00,5.042,127,134.0
R_34357iYXYevESur,5db37bb9da032c000f9e04fa,2026-02-27 01:06:41+00:00,2026-02-27 01:06:46.048000+00:00,5.048,139,146.0
R_1SDe7oNBI42QVsV,5c10a3702b16ba0001c8747a,2026-02-26 23:41:12+00:00,2026-02-26 23:41:17.053000+00:00,5.053,170,178.0
R_73eJawVXvtE8CFw,5f16f559325a640008bb9a07,2026-02-27 02:41:44+00:00,2026-02-27 02:41:49.060000+00:00,5.0600000000000005,693,701.0
R_6cu9XwalyCPVjRn,5e076480c4e1550e2114f006,2026-02-25 18:52:11+00:00,2026-02-25 18:52:16.067000+00:00,5.067,109,116.0
R_3urASFpfQo7QHbP,60bc011503db109b7d46851d,2026-02-26 01:55:37+00:00,2026-02-26 01:55:42.070000+00:00,5.07,146,153.0
R_7BRSa3rbc3kvfXs,694560cc0149ef0a62210988,2026-02-26 05:53:58+00:00,2026-02-26 05:54:03.072000+00:00,5.072,113,120.0
R_7nNtGCssqqDYPkt,6548f960db60a00d76e92695,2026-02-25 20:35:43+00:00,2026-02-25 20:35:48.076000+00:00,5.076,125,132.0
R_1dNRD4pdmFugF2N,6960f7f88879dc4e6d294fb3,2026-02-25 18:55:45+00:00,2026-02-25 18:55:50.087000+00:00,5.087,198,206.0
R_7PZDPrjOtHj4mxn,63b9d3abc3ddc61c8c08fd84,2026-02-25 21:36:44+00:00,2026-02-25 21:36:49.088000+00:00,5.088,246,254.0
R_7mCbJq8YxhfNBri,631c8e97db06f601f81bd82f,2026-02-26 10:07:03+00:00,2026-02-26 10:07:08.097000+00:00,5.0969999999999995,114,121.0
R_13wNaN6AWoZrCeX,65181c2f753b188afdddd2c4,2026-02-26 04:01:08+00:00,2026-02-26 04:01:13.103000+00:00,5.103,268,275.0
R_1rHPU6QfDqtpigJ,672bb2f4838ef2ebdebe51c2,2026-02-26 15:11:35+00:00,2026-02-26 15:11:40.103000+00:00,5.103,309,319.0
R_5AKdWmUJqMIoVxf,63260e13957b6901854eed9f,2026-02-27 01:01:47+00:00,2026-02-27 01:01:52.104000+00:00,5.104,125,134.0
R_3EXVP5HpxDRkwOw,5dcf4136cf8e7e086ea019e4,2026-02-26 23:02:51+00:00,2026-02-26 23:02:56.109000+00:00,5.109,387,394.0
R_5OkFIGQDH5YVdEl,698c11eddd2747636c9a390f,2026-02-26 04:12:23+00:00,2026-02-26 04:12:28.110000+00:00,5.11,142,150.0
R_3QMv2XAIpOZpkGd,643480e93c33701dfe923abd,2026-02-26 14:44:59+00:00,2026-02-26 14:45:04.127000+00:00,5.127,234,241.0
R_6QGkghpIT27uLya,6266b47e6da251268380b62b,2026-02-27 07:26:57+00:00,2026-02-27 07:27:02.148000+00:00,5.148,355,365.0
R_6AfTfkrK1SMgkOB,5fdd503ee766bb41fd50f9d1,2026-02-27 03:39:40+00:00,2026-02-27 03:39:45.155000+00:00,5.155,140,148.0
R_3HsRXJm4GbsNADT,698e2396c7a2cdb9a739dcfe,2026-02-27 04:26:23+00:00,2026-02-27 04:26:28.181000+00:00,5.181,179,187.0
R_3GuKMxK3PMdx2m9,5ccf2abd37095c001a78cef6,2026-02-25 18:49:46+00:00,2026-02-25 18:49:51.187000+00:00,5.187,97,105.0
R_55tnIuwbUr26DXR,611bfbd4af7fa6a01a106813,2026-02-26 22:47:40+00:00,2026-02-26 22:47:45.195000+00:00,5.195,98,108.0
R_1TAfTJ89keGplyk,67d1fae33c97d8df89998bd9,2026-02-26 10:18:17+00:00,2026-02-26 10:18:22.214000+00:00,5.214,130,138.0
R_7FLCNhMXUPqiULs,695fc9e5ea354ea6bd7c7ba8,2026-02-27 00:35:52+00:00,2026-02-27 00:35:57.246000+00:00,5.246,792,803.0
R_53g96qgXvq1vaDT,6983ac5265ea18163cd9befe,2026-02-26 01:43:42+00:00,2026-02-26 01:43:47.256000+00:00,5.256,101,109.0
R_5R9MapbIYWQr5eV,63ecff07b619306f41db42fa,2026-02-26 00:17:32+00:00,2026-02-26 00:17:37.265000+00:00,5.265,174,181.0
R_5MrjljC36Tn42AJ,60bebdec81297725b80fd773,2026-02-26 09:17:39+00:00,2026-02-26 09:17:44.274000+00:00,5.274,224,233.0
R_5riacKeoRecG0z3,5dd8529f332b3480549fd43b,2026-02-26 18:59:59+00:00,2026-02-26 19:00:04.280000+00:00,5.28,159,171.0
R_1lubGZwPgRoKlFH,5c40e28ffe87360001a5677e,2026-02-26 01:09:36+00:00,2026-02-26 01:09:41.285000+00:00,5.285,819,829.0
R_5oGVx30RD2m9aJu,695fa276f0ff6947c14771b8,2026-02-26 09:56:30+00:00,2026-02-26 09:56:35.288000+00:00,5.288,232,239.0
R_32AfgBMNV91BuQU,66706191120230e6a89ddd0e,2026-02-26 18:27:39+00:00,2026-02-26 18:27:44.293000+00:00,5.293,247,255.0
R_3c2usV3vxjhTAlw,6913985dbc7e81004362bf34,2026-02-26 10:25:37+00:00,2026-02-26 10:25:42.296000+00:00,5.296,269,277.0
R_7FEsBzw12SLKQMs,5f4d5f9f835880a2aca8b996,2026-02-27 03:54:54+00:00,2026-02-27 03:54:59.300000+00:00,5.3,115,124.0
R_57gyhOXPv4LXzOh,69951c05192b2e8bab51dfca,2026-02-27 05:06:42+00:00,2026-02-27 05:06:47.301000+00:00,5.301,163,170.0
R_7ve5tQuHXbHPgvT,688bf0636f0a72507afdadaa,2026-02-26 14:55:41+00:00,2026-02-26 14:55:46.303000+00:00,5.303,102,109.0
R_61HaEEyq8lcUJDb,5f4738bfa043201203a27b4b,2026-02-26 17:03:59+00:00,2026-02-26 17:04:04.308000+00:00,5.308,99,107.0
R_1EuCufwoJYMcHXX,62bef458a8a3337e49ea7ccd,2026-02-26 22:04:17+00:00,2026-02-26 22:04:22.309000+00:00,5.309,427,434.0
R_648UULtL9kBtZoi,664003b962a847c71db3ebb0,2026-02-25 20:22:09+00:00,2026-02-25 20:22:14.310000+00:00,5.3100000000000005,175,185.0
R_3ergFwtbGWiz4MT,6713f200eefd092639f048cc,2026-02-26 08:50:02+00:00,2026-02-26 08:50:07.331000+00:00,5.3309999999999995,110,118.0
R_5OUxYehfftbFquc,53a9a1a6fdf99b5cf1a36ee0,2026-02-25 21:20:38+00:00,2026-02-25 21:20:43.360000+00:00,5.36,170,177.0
R_5uAEbrJ6vOhWj29,630981b0f861918e8174a43e,2026-02-25 22:20:46+00:00,2026-02-25 22:20:51.362000+00:00,5.362,110,118.0
R_65BLsZMt65ng7dK,6997d6320e190bc9dbe9cdee,2026-02-27 06:35:39+00:00,2026-02-27 06:35:44.367000+00:00,5.367,402,417.0
R_5EBtapXjtyAcRH9,614fe09fec9ce4a2a415476d,2026-02-26 16:16:51+00:00,2026-02-26 16:16:56.378000+00:00,5.378,97,104.0
R_5hRF2daED2vOmqd,5ebb96b6cd673a0008ace9ce,2026-02-25 22:36:23+00:00,2026-02-25 22:36:28.389000+00:00,5.389,161,168.0
R_5M3e52eNq3GNCgk,5d350282cec7150015d16494,2026-02-26 14:20:34+00:00,2026-02-26 14:20:39.389000+00:00,5.389,186,194.0
R_64fqNzMKtiGEAaR,695c0d3e168ad62dac6a24be,2026-02-26 19:16:59+00:00,2026-02-26 19:17:04.390000+00:00,5.39,126,133.0
R_6pHUDnqvLoZdU09,6942e8ea205acb2aae3c09b8,2026-02-27 05:37:35+00:00,2026-02-27 05:37:40.398000+00:00,5.398,537,546.0
R_3qVYzkhmEmE4Nig,69446ec9467c879d74423044,2026-02-27 07:36:22+00:00,2026-02-27 07:36:27.428000+00:00,5.428,180,190.0
R_6RskjAwIGoPT4zS,63f77db037de29d7fd62b0a9,2026-02-26 13:08:51+00:00,2026-02-26 13:08:56.436000+00:00,5.436,833,842.0
R_6Om2PDSW0sCUx3P,6653691608992eba0cff2cbf,2026-02-26 18:16:00+00:00,2026-02-26 18:16:05.454000+00:00,5.454,290,298.0
R_1nIvBrbkEhi7bOQ,5622e62bed6e5a0011c807b3,2026-02-25 20:38:45+00:00,2026-02-25 20:38:50.464000+00:00,5.464,166,174.0
R_7jE8IReEiGWKrr7,6646cdbd7a8e4d39556e459b,2026-02-27 03:26:38+00:00,2026-02-27 03:26:43.467000+00:00,5.467,94,102.0
R_1FdB6FXhS92WSiJ,6999cf2c5b0ff05fe5256a81,2026-02-26 11:59:31+00:00,2026-02-26 11:59:36.473000+00:00,5.473,252,259.0
R_6vW1rWAbxHsK2sh,66e86a2f87c10bbbcb1c1244,2026-02-26 11:54:19+00:00,2026-02-26 11:54:24.486000+00:00,5.486,135,142.0
R_1DSmWLZoOfv07wB,5eb5f6d5e38e9f4e6c8dde3f,2026-02-26 16:58:00+00:00,2026-02-26 16:58:05.495000+00:00,5.495,168,176.0
R_6EiROB0ZmmtToGu,5bb58e338f3bd70001e5df57,2026-02-26 05:09:07+00:00,2026-02-26 05:09:12.504000+00:00,5.504,172,180.0
R_6fk73tPQD0aIeBu,5bf4afe0b8e9f800014c9c0b,2026-02-25 19:15:32+00:00,2026-02-25 19:15:37.509000+00:00,5.509,104,112.0
R_3pkLE6ll00QwjqV,68d53aa4bc2a99999fdf2e19,2026-02-27 07:32:47+00:00,2026-02-27 07:32:52.520000+00:00,5.52,169,177.0
R_3zCRXkWdLl2jjPr,69457b8e990d24b0eaa7c3e4,2026-02-27 07:42:15+00:00,2026-02-27 07:42:20.539000+00:00,5.539,323,335.0
R_7tyRsXojCc4OaC5,6942b92580070d6d24f3e7fe,2026-02-26 06:27:31+00:00,2026-02-26 06:27:36.542000+00:00,5.542,232,241.0
R_7LFjBpXVRM78gO8,6685abbd83e060274844e7f2,2026-02-26 16:29:33+00:00,2026-02-26 16:29:38.550000+00:00,5.55,358,366.0
R_6t4eGLZ30qJAITg,64fb3be137d2bd2bdfab8ba6,2026-02-26 14:29:32+00:00,2026-02-26 14:29:37.562000+00:00,5.562,273,282.0
R_3IFCfa1KaBSMS3I,5d93b788fdfe9d001c00c255,2026-02-26 03:33:29+00:00,2026-02-26 03:33:34.573000+00:00,5.573,103,111.0
R_66euKhCtn0XM4kd,5ec00f62cf12be40ea6fe344,2026-02-26 23:09:31+00:00,2026-02-26 23:09:36.576000+00:00,5.576,203,211.0
R_1nPGwEHIT0Xld46,66772da1add67a4a8e713540,2026-02-25 23:57:51+00:00,2026-02-25 23:57:56.589000+00:00,5.589,461,522.0
R_1Bk74hTXVAbTCQF,665762fdab6df18f5032505b,2026-02-25 23:10:46+00:00,2026-02-25 23:10:51.589000+00:00,5.589,164,171.0
R_3mrg75aPtqyaVR0,6684abc04d60b2e05eb8ed2b,2026-02-26 18:10:34+00:00,2026-02-26 18:10:39.593000+00:00,5.593,94,102.0
R_1PYQ68dLix2mbBc,673d66939902669df09fcf2c,2026-02-27 07:04:03+00:00,2026-02-27 07:04:08.608000+00:00,5.608,58,66.0
R_62I479UIY5x4iFb,5d43b8f686382b000157a0d5,2026-02-26 03:55:46+00:00,2026-02-26 03:55:51.614000+00:00,5.614,146,152.0
R_51ctq3e4KOrbnmc,69a0e4d11605616b9b46df55,2026-02-27 06:21:49+00:00,2026-02-27 06:21:54.632000+00:00,5.632,230,241.0
R_5JK2wnKvp5UCczO,69655c97daa4102743302a22,2026-02-27 03:13:21+00:00,2026-02-27 03:13:26.642000+00:00,5.642,1052,1059.0
R_1nUUvhdPoVH2gfV,697d1be1b5caf52ad53e3efd,2026-02-26 17:56:22+00:00,2026-02-26 17:56:27.653000+00:00,5.6530000000000005,145,153.0
R_7qUOzIc9Ga1x5dp,6102ced1a983f0479d576146,2026-02-26 05:25:37+00:00,2026-02-26 05:25:42.656000+00:00,5.656,202,213.0
R_73PDClD6JxfgwXT,696a9773a84c5f9d4a930874,2026-02-27 07:02:29+00:00,2026-02-27 07:02:34.689000+00:00,5.689,354,363.0
R_3xPZUNyrFS41hgR,6932f8200cc88ea0570aabba,2026-02-27 04:17:46+00:00,2026-02-27 04:17:51.747000+00:00,5.747,273,280.0
R_7o5VjDcLJsil9Ki,66982e7b43ae4ee27c29c177,2026-02-26 05:15:32+00:00,2026-02-26 05:15:37.753000+00:00,5.753,266,275.0
R_3IasJE5si15EkV3,5f51529b15e36638fe535eae,2026-02-25 23:48:57+00:00,2026-02-25 23:49:02.799000+00:00,5.799,89,97.0
R_6nYOBLe6MZUxccP,674382c7325a6cb19d897ca4,2026-02-26 18:39:26+00:00,2026-02-26 18:39:31.801000+00:00,5.801,92,99.0
R_39F35gLtcJ6f2fv,6266db0dcf3e4f16fb9d7c56,2026-02-26 17:02:00+00:00,2026-02-26 17:02:05.847000+00:00,5.847,222,230.0
R_5rOG2UcRWH9Uz9P,663e596f45fc46faba11e37d,2026-02-25 23:02:40+00:00,2026-02-25 23:02:45.849000+00:00,5.849,106,113.0
R_72KB2nb2td2ymLb,655f97cd4f1c17ae262fd0fa,2026-02-26 23:46:44+00:00,2026-02-26 23:46:49.854000+00:00,5.854,147,157.0
R_5dN6v70KDKgGVJk,65cb7af47681640c4d1cf73d,2026-02-26 04:45:44+00:00,2026-02-26 04:45:49.897000+00:00,5.897,191,200.0
R_6pimNsBPUgo2i04,5dd55652f30aa650f027e1c2,2026-02-27 03:24:44+00:00,2026-02-27 03:24:49.910000+00:00,5.91,132,144.0
R_7lrsSPIcNukEhQR,632a431da6f161fcb809ed01,2026-02-26 12:02:34+00:00,2026-02-26 12:02:39.920000+00:00,5.92,157,170.0
R_6ATIrs7vcM7bXLA,698ea504ecbe8454a26eab9d,2026-02-26 04:09:32+00:00,2026-02-26 04:09:37.964000+00:00,5.964,172,183.0
R_30NJv4aIVcOd7Kg,699470f58c5f30338818a092,2026-02-27 00:17:57+00:00,2026-02-27 00:18:02.984000+00:00,5.984,249,258.0
R_6VORvecULjnYPo5,66533024e61763d354bec627,2026-02-27 05:18:10+00:00,2026-02-27 05:18:15.996000+00:00,5.996,322,333.0
R_6LbrYJk7gEuAP2M,5f6c954679e95605af7b3e8a,2026-02-26 10:09:16+00:00,2026-02-26 10:09:22.016000+00:00,6.016,111,120.0
R_5cY3GI5XwxsGLyF,6608fe79836be5ccd7136892,2026-02-27 02:24:00+00:00,2026-02-27 02:24:06.038000+00:00,6.038,866,874.0
R_7Vl2D22gvO9b4NP,65cb86a7e667e637599a3af3,2026-02-25 19:11:28+00:00,2026-02-25 19:11:34.061000+00:00,6.061,204,212.0
R_72jAGihQkmfi1EZ,6777d289f3eaa43bfd9c878c,2026-02-25 23:40:41+00:00,2026-02-25 23:40:47.132000+00:00,6.132,208,217.0
R_7puOkEgxG13p9JQ,694ef74ac5d7b892a42cace9,2026-02-26 13:34:08+00:00,2026-02-26 13:34:14.135000+00:00,6.135,282,291.0
R_3r9673iI7GiT5RU,65983c420d89145cbdb05468,2026-02-27 02:27:00+00:00,2026-02-27 02:27:06.185000+00:00,6.1850000000000005,157,166.0
R_6K2T710emLwqduJ,6110da394d33b556587e8759,2026-02-26 00:07:05+00:00,2026-02-26 00:07:11.186000+00:00,6.186,121,131.0
R_6yvsbqnUmkinuYF,659d55d8b74f3f97ea13d63e,2026-02-26 23:05:43+00:00,2026-02-26 23:05:49.209000+00:00,6.209,152,161.0
R_6siSwhxUjhtyPqp,631385edd622a2b9907f19a4,2026-02-26 20:50:34+00:00,2026-02-26 20:50:40.225000+00:00,6.225,329,338.0
R_5I6E6g5zmn6UjMk,5f2df42324e8d813b1c620d2,2026-02-27 05:09:30+00:00,2026-02-27 05:09:36.234000+00:00,6.234,138,147.0
R_3tsOawxyfuiuZke,62c4dbae8fb1ff9cd93a3150,2026-02-26 21:38:18+00:00,2026-02-26 21:38:24.235000+00:00,6.235,93,101.0
R_6B4nAvYarK0plkO,654650713282e9e8d26d0b86,2026-02-26 02:17:03+00:00,2026-02-26 02:17:09.256000+00:00,6.256,132,142.0
R_5Izt1mreI64ApfH,5e6a285eb7c24208ef1b9569,2026-02-25 23:17:34+00:00,2026-02-25 23:17:40.270000+00:00,6.27,273,283.0
R_1LfOTG1jE7P7a7v,6997258e9fc203ca3f3ebefe,2026-02-27 00:55:32+00:00,2026-02-27 00:55:38.296000+00:00,6.296,235,244.0
R_6F4iRANTCtJzIkf,67a984db037f94debb21b770,2026-02-26 21:36:19+00:00,2026-02-26 21:36:25.318000+00:00,6.318,255,266.0
R_191e2KkIUPpwDlV,695f9da1eba3887a2214b9f6,2026-02-25 21:23:54+00:00,2026-02-25 21:24:00.336000+00:00,6.336,176,185.0
R_5FzXGUwRvooCx5j,657c847339bbb2c8238df1c7,2026-02-26 17:12:52+00:00,2026-02-26 17:12:58.369000+00:00,6.369,96,105.0
R_5KJhNXqCGMnA4I9,6448503fab8d495eb76b51b0,2026-02-26 16:14:56+00:00,2026-02-26 16:15:02.410000+00:00,6.41,176,186.0
R_3H9cOiAGLbPZRtf,5cc8039e3ef93000171c96b8,2026-02-27 02:48:37+00:00,2026-02-27 02:48:43.412000+00:00,6.412,277,285.0
R_6I6rhhSunPuMrc7,6757418a14886dd3e93c2a69,2026-02-26 06:34:24+00:00,2026-02-26 06:34:30.441000+00:00,6.441,150,160.0
R_5nBMcRofNKdFhek,62e97dfea1a1ef00cb9f0b10,2026-02-26 04:26:55+00:00,2026-02-26 04:27:01.445000+00:00,6.445,178,188.0
R_50dRPClo7Zz9lCE,694cd071da7aaa317d9c2a9c,2026-02-26 09:13:19+00:00,2026-02-26 09:13:25.512000+00:00,6.5120000000000005,259,269.0
R_1ihbuRhrzEgOi02,5eace152e25d6800091dd418,2026-02-26 06:47:30+00:00,2026-02-26 06:47:36.518000+00:00,6.518,384,394.0
R_5qvIRahHyJ75qZj,6998968d5b3205894f96e2ce,2026-02-26 18:54:21+00:00,2026-02-26 18:54:27.526000+00:00,6.526,180,190.0
R_7Mb906wZhKqJ19D,6732096624d0e2bb965f5d6a,2026-02-27 06:48:42+00:00,2026-02-27 06:48:48.527000+00:00,6.527,727,737.0
R_7l6jnVt7EvVpr3O,5bc731d935b90f0001431bde,2026-02-26 13:45:53+00:00,2026-02-26 13:45:59.531000+00:00,6.531,487,497.0
R_67U69yEuMHnZD5x,699cbd7b6fda91f570569f18,2026-02-26 02:44:56+00:00,2026-02-26 02:45:02.570000+00:00,6.57,323,332.0
R_5rcZRi4Fwf4WehH,6998ed7cc30cb1c3d463fc57,2026-02-27 05:03:38+00:00,2026-02-27 05:03:44.630000+00:00,6.63,548,559.0
R_5CCiF4OA1aq2B27,5fc27b5a13285c0008cc71ab,2026-02-26 19:29:39+00:00,2026-02-26 19:29:45.663000+00:00,6.663,225,236.0
R_78SlUPjEcZWLQ0V,5c7075f618126000010d4c97,2026-02-26 10:15:10+00:00,2026-02-26 10:15:16.671000+00:00,6.671,326,336.0
R_1P0ILBccCPUC2id,694b928edc7747d82753b849,2026-02-27 06:28:31+00:00,2026-02-27 06:28:37.709000+00:00,6.709,169,179.0
R_12KS55S9le63R1T,699b7ad0d9e9d7651d256a33,2026-02-26 09:08:11+00:00,2026-02-26 09:08:17.717000+00:00,6.717,545,559.0
R_5ghTZjk8mVq4zBL,674d1412e0b30ad8c359b635,2026-02-27 07:20:31+00:00,2026-02-27 07:20:37.729000+00:00,6.729,327,336.0
R_3QSOI5gA1UMeemy,5da6139c002c29001335b5a2,2026-02-26 17:34:32+00:00,2026-02-26 17:34:38.732000+00:00,6.732,766,774.0
R_7hYJ8oBH3q8UfW2,5d153b1f40218700189a05df,2026-02-26 05:05:46+00:00,2026-02-26 05:05:52.752000+00:00,6.752,187,210.0
R_53V3tnUCwkUQ9Ow,5dd4767b32288646716dc98a,2026-02-26 13:51:27+00:00,2026-02-26 13:51:33.757000+00:00,6.757,171,180.0
R_3vbWRYYyTDGDfBn,609550ebd2fd05085720eca0,2026-02-26 22:56:02+00:00,2026-02-26 22:56:08.875000+00:00,6.875,101,113.0
R_6ao5qRFMo19vAHv,66646350b821e70655b521f9,2026-02-25 19:55:06+00:00,2026-02-25 19:55:12.915000+00:00,6.915,157,166.0
R_3hG1RHKWwx4Dqtv,67883d53705991d641bb1743,2026-02-26 01:41:40+00:00,2026-02-26 01:41:46.929000+00:00,6.929,237,411.0
R_1gh3alnaBzBEv4J,62f70dd38becd2f7f2ce53a8,2026-02-26 09:59:06+00:00,2026-02-26 09:59:12.932000+00:00,6.932,139,147.0
R_3aWucCdHjCHUDDN,57656f6c2bfddf000125cce5,2026-02-26 03:47:30+00:00,2026-02-26 03:47:36.983000+00:00,6.983,323,333.0
R_1eM2tilwWObDyOR,664e2d4a26686cecdfd660eb,2026-02-26 23:38:02+00:00,2026-02-26 23:38:09.030000+00:00,7.03,114,128.0
R_1MYdkUQPbieo78V,69a07cdfcca6bc594ad800d4,2026-02-27 00:22:15+00:00,2026-02-27 00:22:22.038000+00:00,7.038,109,118.0
R_6W3CWOfTmXldC1P,5e48f4f7250a723762326141,2026-02-27 05:41:05+00:00,2026-02-27 05:41:12.048000+00:00,7.048,188,198.0
R_6ymwuufDBIMI51y,663eed3d72f4269ddd149f33,2026-02-27 05:52:17+00:00,2026-02-27 05:52:24.102000+00:00,7.102,389,399.0
R_5kOkuqpQgY87dWr,6054e5f7c1931593649b158f,2026-02-26 07:32:14+00:00,2026-02-26 07:32:21.203000+00:00,7.203,125,134.0
R_6wMJ34qmUpn48Oy,69417e6ccb23fad45d76fa59,2026-02-27 00:40:20+00:00,2026-02-27 00:40:27.233000+00:00,7.233,243,256.0
R_5lboiWAicvEgPQz,6752f0bf89185ea06e300a69,2026-02-26 21:19:22+00:00,2026-02-26 21:19:29.285000+00:00,7.285,608,618.0
R_7DdKq5RXG8SHAK4,5e0fa7e84d6bf16df6f5e1e0,2026-02-27 03:16:13+00:00,2026-02-27 03:16:20.303000+00:00,7.303,147,157.0
R_7kLZk2ZYcDhxBWW,69972ac69f3015db49d826b5,2026-02-26 12:46:47+00:00,2026-02-26 12:46:54.309000+00:00,7.309,224,239.0
R_7dBqYKO3SQNyDuN,697cc2b093c3d40397ca960a,2026-02-26 23:43:26+00:00,2026-02-26 23:43:33.450000+00:00,7.45,115,124.0
R_6RsUTDjkLNFrUoY,6331b9456956d880a1e4632f,2026-02-26 13:29:04+00:00,2026-02-26 13:29:11.690000+00:00,7.69,371,381.0
R_7vt5o2yozPnojpD,66514573b9a70d7b816ef18f,2026-02-26 17:53:34+00:00,2026-02-26 17:53:41.727000+00:00,7.727,1121,1131.0
R_7I4aVgeusKiZr3q,610b64dc95ff0ef5b5b9ac6b,2026-02-27 03:52:33+00:00,2026-02-27 03:52:40.916000+00:00,7.916,361,372.0
R_1qb2zMueOrmNwit,66aa67440532cf6ec644dee6,2026-02-26 10:46:41+00:00,2026-02-26 10:46:48.999000+00:00,7.999,241,252.0
R_30ob2ZR5jJ3jLtx,671da1682ef34e8259e60339,2026-02-26 19:44:13+00:00,2026-02-26 19:44:21.037000+00:00,8.037,530,543.0
R_61BAQfcP4sB0pte,55ad1d55fdf99b4c8f9941d4,2026-02-26 01:57:45+00:00,2026-02-26 01:57:53.239000+00:00,8.239,104,114.0
R_5Bs5Cg9x1BVbsC6,6969a5aef4df204fb77ac6bf,2026-02-26 20:20:54+00:00,2026-02-26 20:21:02.360000+00:00,8.36,151,163.0
R_70TB4FAN5861KjD,6723fefd7a09fe9da8f9bd10,2026-02-26 20:14:55+00:00,2026-02-26 20:15:03.463000+00:00,8.463,340,353.0
R_7PhtGciqhn7wB21,691dd1373881596919bd9b6a,2026-02-26 18:46:29+00:00,2026-02-26 18:46:37.501000+00:00,8.501,255,265.0
R_5rOfhP2ljbBbXhw,5fba9bfd8a35c16f49a9666d,2026-02-26 21:06:15+00:00,2026-02-26 21:06:23.566000+00:00,8.566,223,236.0
R_3qkRMqmVikh6sCL,696713a8f4791af88d273138,2026-02-27 00:59:16+00:00,2026-02-27 00:59:24.715000+00:00,8.715,106,117.0
R_3KvGX77tngRd8WO,6990c470ce18d42af5561af1,2026-02-26 19:19:49+00:00,2026-02-26 19:19:57.763000+00:00,8.763,149,161.0
R_332ZrsNsvHpIc0x,5dd7d4d5d3ac2a92dfbb40d5,2026-02-25 23:59:41+00:00,2026-02-25 23:59:49.960000+00:00,8.96,85,98.0
R_1VDqSJINavX25p7,60e769ec9858960e8ad00886,2026-02-25 23:25:19+00:00,2026-02-25 23:25:27.972000+00:00,8.972,165,177.0
R_1uiLGqxp3oCIad3,5e35e5983db03759c2bbbc89,2026-02-26 02:02:27+00:00,2026-02-26 02:02:36.183000+00:00,9.183,181,192.0
R_3lSy5S3ZEWr3lVg,669a8660d4a57296b3d666e1,2026-02-25 19:41:50+00:00,2026-02-25 19:41:59.209000+00:00,9.209,134,145.0
R_79erNu8eBUsoSmB,66e60882afb732f6e17a6790,2026-02-26 06:15:10+00:00,2026-02-26 06:15:19.252000+00:00,9.252,369,380.0
R_1dVp8KQlye3lYR3,6306d39340264f76753706fd,2026-02-26 00:23:00+00:00,2026-02-26 00:23:09.326000+00:00,9.326,307,318.0
R_15YgmuwNg8sAWsG,699b6dd83d65366f7a49af28,2026-02-26 11:38:23+00:00,2026-02-26 11:38:32.626000+00:00,9.626,188,200.0
R_6fZVbY0lUKSJPS7,673b8d1448db4a031a4a90b2,2026-02-26 13:12:08+00:00,2026-02-26 13:12:17.678000+00:00,9.678,169,184.0
R_6sBvgLxJ6lUMAwN,5a0f46bb7542890001aa7503,2026-02-25 19:36:43+00:00,2026-02-25 19:36:52.685000+00:00,9.685,146,158.0
R_3rtoU0svrMcalmV,6945f6bdcc59602ceadbf3d3,2026-02-26 08:28:28+00:00,2026-02-26 08:28:37.707000+00:00,9.707,408,435.0
R_3kv2UZsdffeZjma,695c0e0b772f628cd6a4db3a,2026-02-27 07:29:21+00:00,2026-02-27 07:29:30.709000+00:00,9.709,120,131.0
R_1DnfuIR7vevci58,698cb4ce3fce3dfb9760c1b8,2026-02-26 12:54:28+00:00,2026-02-26 12:54:37.729000+00:00,9.729,281,295.0
R_1XpSmS7PFdYZxey,67422490af05a6a97111c3aa,2026-02-25 22:18:34+00:00,2026-02-25 22:18:43.778000+00:00,9.778,209,226.0
R_6SoTOYiyd43RFsZ,67754c0a610652beb306cc1d,2026-02-26 08:32:23+00:00,2026-02-26 08:32:32.781000+00:00,9.781,184,201.0
R_1Z6j5EH2T3RLfl7,69a05affb535a7899c9d2a19,2026-02-27 01:39:35+00:00,2026-02-27 01:39:44.811000+00:00,9.811,129,141.0
R_6eiVh0rPbpNfTFf,693b4c0ff54bd868cfb08188,2026-02-26 18:34:11+00:00,2026-02-26 18:34:21.082000+00:00,10.082,356,369.0
R_6dZlhGcf2NdFyOD,5e04b9be7adf4bf23f066a2a,2026-02-26 14:32:47+00:00,2026-02-26 14:32:57.134000+00:00,10.134,173,186.0
R_7JRXq7oroJClTtc,5d6349209b22da000117b1bd,2026-02-26 19:10:53+00:00,2026-02-26 19:11:03.218000+00:00,10.218,92,104.0
R_1MJPi48AXuejCbB,69865705a9c4411a32f636ca,2026-02-27 06:13:44+00:00,2026-02-27 06:13:54.256000+00:00,10.256,175,191.0
R_3pEuq0xmpwYPog7,66c5b8dde0053a78baef9bc6,2026-02-26 15:19:15+00:00,2026-02-26 15:19:25.432000+00:00,10.432,240,256.0
R_5rBcBwHffD2binF,63bd9ac0dc52225142c5b1d4,2026-02-26 09:51:46+00:00,2026-02-26 09:51:56.508000+00:00,10.508,180,194.0
R_63pQFn6nldlEo3Q,66be3ed60ce8896e4feb1003,2026-02-26 21:56:33+00:00,2026-02-26 21:56:43.545000+00:00,10.545,140,153.0
R_6gveUQiTTEqySaU,66a314d2262f10fea744ca1c,2026-02-26 14:53:37+00:00,2026-02-26 14:53:47.703000+00:00,10.703,144,159.0
R_3mldpt2dleAqbbL,698e6beaff0acc0423ede984,2026-02-26 19:14:27+00:00,2026-02-26 19:14:37.971000+00:00,10.971,186,200.0
R_1aKqqORMgOoBm6u,67e089199b2161a43c738b97,2026-02-27 01:59:30+00:00,2026-02-27 01:59:41.242000+00:00,11.242,211,226.0
R_6Dp6SSPHjKPXoeb,5f4f990e0e7da9068d0a9802,2026-02-26 22:28:48+00:00,2026-02-26 22:28:59.359000+00:00,11.359,422,435.0
R_6EKZkfSvu10lol1,69932ccc26c39ba9a7a39642,2026-02-26 07:48:30+00:00,2026-02-26 07:48:41.366000+00:00,11.366,299,314.0
R_3ITeOAkZfLe7tFs,6632fc0b22af8fdf65f98b32,2026-02-26 16:02:12+00:00,2026-02-26 16:02:23.574000+00:00,11.574,1459,1475.0
R_6Eu1kcLh4IM8Fbt,65612a45629022b7c905ef6c,2026-02-26 00:04:37+00:00,2026-02-26 00:04:48.640000+00:00,11.64,250,269.0
R_6k7msp4HacequoW,5a08ddd0df3fa800015c36ac,2026-02-25 20:41:52+00:00,2026-02-25 20:42:03.900000+00:00,11.9,167,181.0
R_6v2nxD3G1WZvG9P,63eda5a4a87d8bd73853fa8e,2026-02-26 04:42:07+00:00,2026-02-26 04:42:19.059000+00:00,12.059,221,315.0
R_1Khd05sLGn5eky5,6797d5ada6654ec99f741b08,2026-02-26 06:53:44+00:00,2026-02-26 06:53:56.116000+00:00,12.116,325,341.0
R_7usL3AbScoHK6Mz,67722f8e3a4f08a288a1f640,2026-02-26 02:54:22+00:00,2026-02-26 02:54:34.462000+00:00,12.462,181,196.0
R_12JSo8HWmIUBWMy,5eb339ee6290bc124b8549a6,2026-02-26 10:28:48+00:00,2026-02-26 10:29:00.498000+00:00,12.498,159,174.0
R_3ldFfFESaB9Nx8R,5f4e52a627d2a0000a8ed0c5,2026-02-25 23:47:03+00:00,2026-02-25 23:47:15.552000+00:00,12.552,351,387.0
R_32QLBPr2DSucOCY,5d8a29c082fec30001d9c24a,2026-02-26 01:47:17+00:00,2026-02-26 01:47:29.572000+00:00,12.572,193,208.0
R_1zKy3Sxu2l8vvI5,62959d1553cc14e98f4b8d78,2026-02-25 20:33:12+00:00,2026-02-25 20:33:24.612000+00:00,12.612,189,209.0
R_3uIq1Wh87PLzvfX,676da97afe68d3f5a09fca43,2026-02-27 07:14:37+00:00,2026-02-27 07:14:49.983000+00:00,12.983,474,497.0
R_5oHq7HW5ZVfKoBr,67e97d506e0dfa7ff0b407c5,2026-02-27 05:27:12+00:00,2026-02-27 05:27:25.015000+00:00,13.015,209,227.0
R_5O8d23urKfriokp,66a9843c53827f826e9738ed,2026-02-26 06:58:10+00:00,2026-02-26 06:58:23.342000+00:00,13.342,229,246.0
R_3DMqELzBD5WMMGJ,6703ab69f6a01dea5a435341,2026-02-26 12:35:11+00:00,2026-02-26 12:35:24.656000+00:00,13.656,596,614.0
R_5qUajOnXGIpe7xe,67f45e1b361e2b3ebc9e7ed7,2026-02-27 04:48:49+00:00,2026-02-27 04:49:02.852000+00:00,13.852,674,692.0
R_6oR9ihel13WKc6V,67f09ad02524e8b1d810e0a4,2026-02-26 16:48:00+00:00,2026-02-26 16:48:14.018000+00:00,14.018,843,863.0
R_1cBkKkm8PKQtCm0,63cff02ee037183a8c260ea8,2026-02-26 08:18:45+00:00,2026-02-26 08:18:59.037000+00:00,14.037,963,981.0
R_7MG63fGnEo2oqbw,697a89fd4ba5b384a181909d,2026-02-26 07:57:08+00:00,2026-02-26 07:57:22.517000+00:00,14.517,478,497.0
R_17vCmQC3DmkGcTo,67301111865cf8fa81ac7897,2026-02-25 22:08:50+00:00,2026-02-25 22:09:04.959000+00:00,14.959,328,347.0
R_5VkZN8spFIKwu4f,67e6e99634be5e57bbd2553f,2026-02-26 18:08:29+00:00,2026-02-26 18:08:44.272000+00:00,15.272,401,499.0
R_72RO7rx7H3xHarH,696564fb03606c72768d6152,2026-02-27 06:53:31+00:00,2026-02-27 06:53:46.321000+00:00,15.321,255,274.0
R_7LnRPWtuNrVrtZE,63fa78f21e485a372c6528fa,2026-02-26 05:21:33+00:00,2026-02-26 05:21:49.030000+00:00,16.03,196,215.0
R_6wRg8vjDRL28wJd,67edb75b0744561f1cf6ff9d,2026-02-27 02:07:30+00:00,2026-02-27 02:07:46.406000+00:00,16.406,194,225.0
R_1awNQ7seHD9LkdE,67bd6c87f503d16fdf672aad,2026-02-26 08:54:42+00:00,2026-02-26 08:54:58.628000+00:00,16.628,244,264.0
R_73gELEX0tpCVJrB,6755fa65a9ab28bdc4c088dd,2026-02-26 20:34:59+00:00,2026-02-26 20:35:16.268000+00:00,17.268,392,415.0
R_3bZt1WvSYTMzzdm,6740b01583cadef1afebeb9d,2026-02-26 10:41:53+00:00,2026-02-26 10:42:10.586000+00:00,17.586,421,447.0
R_3wfYjEKfS3lXq8x,6825af939111d286546fdde6,2026-02-26 12:08:57+00:00,2026-02-26 12:09:15.458000+00:00,18.458,289,351.0
R_1pSzL9XTmVqBAhc,67d5eb0b8ec16cc847b4593a,2026-02-26 11:48:37+00:00,2026-02-26 11:48:56.891000+00:00,19.891,313,337.0
R_7lXhgHVTZFIjo7M,66d8790772c9e0e4ee96259c,2026-02-25 23:00:21+00:00,2026-02-25 23:00:41.125000+00:00,20.125,1419,1442.0
R_1cYvG1KrovbVlzM,6747603ffa5c374fa8cfbe30,2026-02-26 14:03:45+00:00,2026-02-26 14:04:05.256000+00:00,20.256,418,445.0
R_5Puz1O5uRBHCEhI,668edb3b608a3d4537e2da08,2026-02-26 08:01:59+00:00,2026-02-26 08:02:21.511000+00:00,22.511,249,278.0
R_5zLVBADqwbC7de5,673e5a3412198a5e62837745,2026-02-26 08:42:43+00:00,2026-02-26 08:43:05.751000+00:00,22.751,575,606.0
R_3GUpXHxhlYC2KyH,6410e763dc2f2726ac16ee05,2026-02-26 03:30:57+00:00,2026-02-26 03:31:21.982000+00:00,24.982,1434,1744.0
R_1NGpUSjdJsSfyVj,698df144d5298c2f228451f3,2026-02-26 13:55:51+00:00,2026-02-26 13:56:17.538000+00:00,26.538,229,260.0
R_3WvDOzYbxUCwVM3,6998fd41ff6a5eb792f085d6,2026-02-26 09:33:43+00:00,2026-02-26 09:34:09.691000+00:00,26.691,523,553.0
R_1feJ4gvhGJAMOnn,616d9ef881036dfbfd63d2f4,2026-02-26 01:25:18+00:00,2026-02-26 01:25:44.876000+00:00,26.876,210,961.0
R_3rAKe1TMp5xyxFp,654455ad0b76675379c66db4,2026-02-26 11:31:22+00:00,2026-02-26 11:31:49.088000+00:00,27.088,1613,1643.0
